10;;;;;
0;;(%);% na carteira;Ativos;Valor Total
0;AÇÕES (PERENE);100,00%;15,00%;11;R$ 30.000,00
1;Ativo;balancea/o;% na carteira;Desejado;Saldo
2;BBDC4;10,00%;1,50%;181;R$ 3.000,00
2;ITUB4;10,00%;1,50%;77;R$ 3.000,00
2;BBAS3;10,00%;1,50%;163;R$ 3.000,00
2;CMIG3;10,00%;1,50%;202;R$ 3.000,00
2;TAEE3;10,00%;1,50%;241;R$ 3.000,00
2;SAPR3;10,00%;1,50%;415;R$ 3.000,00
2;SBSP3;10,00%;1,50%;126;R$ 3.000,00
2;CXSE3;10,00%;1,50%;168;R$ 3.000,00
2;BBSE3;10,00%;1,50%;81;R$ 3.000,00
2;VIVT3;5,00%;0,75%;50;R$ 1.500,00
2;FIQE3;5,00%;0,75%;317;R$ 1.500,00
0;;(%);% na carteira;Ativos;Valor Total
0;AÇÕES (COMMODITIES);100,00%;10,00%;5;R$ 20.000,00
1;Ativo;balancea/o;% na carteira;Desejado;Saldo
2;PETR4;30,00%;3,00%;143;R$ 6.000,00
2;VALE3;30,00%;3,00%;84;R$ 6.000,00
2;GGBR4;10,00%;1,00%;81;R$ 2.000,00
2;KLBN3;15,00%;1,50%;838;R$ 3.000,00
2;WEGE3;15,00%;1,50%;63;R$ 3.000,00
0;;(%);% na carteira;Ativos;Valor Total
0;FIIS (ANCORAGEM);100,00%;15,00%;6;R$ 30.000,00
1;Ativo;balancea/o;% na carteira;Desejado;Saldo
2;BTLG11;20,00%;3,00%;60;R$ 6.000,00
2;GGRC11;20,00%;3,00%;640;R$ 6.000,00
2;HGLG11;10,00%;1,50%;21;R$ 3.000,00
2;XPML11;20,00%;3,00%;59;R$ 6.000,00
2;HGBS11;20,00%;3,00%;324;R$ 6.000,00
2;LVBI11;10,00%;1,50%;31;R$ 3.000,00
0;;(%);% na carteira;Ativos;Valor Total
0;FIIS (CRESCIMENTO);100,00%;9,00%;4;R$ 18.000,00
1;Ativo;balancea/o;% na carteira;Desejado;Saldo
2;GARE11;25,00%;2,25%;554;R$ 4.500,00
2;PMLL11;25,00%;2,25%;45;R$ 4.500,00
2;XPLG11;25,00%;2,25%;50;R$ 4.500,00
2;VISC11;25,00%;2,25%;44;R$ 4.500,00
0;;(%);% na carteira;Ativos;Valor Total
0;FIIS (RISCO);100,00%;6,00%;3;R$ 12.000,00
1;Ativo;balancea/o;% na carteira;Desejado;Saldo
2;HSLG11;25,00%;1,50%;36;R$ 3.000,00
2;VILG11;25,00%;1,50%;34;R$ 3.000,00
2;RECR11;50,00%;3,00%;80;R$ 6.000,00
0;;(%);% na carteira;Ativos;Valor Total
0;ETFS;100,00%;11,25%;4;R$ 22.500,00
1;Ativo;balancea/o;% na carteira;Desejado;Saldo
2;IVVB11;90,00%;10,13%;44;R$ 20.250,00
2;SPXB11;0,00%;0,00%;0;R$ 0,00
2;NASD11;0,00%;0,00%;0;R$ 0,00
2;WRLD11;10,00%;1,13%;15;R$ 2.250,00
0;;(%);% na carteira;Ativos;Valor Total
0;ETFS (RES. MERCADO);100,00%;2,50%;2;R$ 5.000,00
1;Ativo;balancea/o;% na carteira;Desejado;Saldo
2;GOLD11;50,00%;1,25%;105;R$ 2.500,00
2;BTCBRL;50,00%;1,25%;0,00760984;R$ 2.500,00
0;;(%);% na carteira;Ativos;Valor Total
0;BDRS;100,00%;11,25%;10;R$ 22.500,00
1;Ativo;balancea/o;% na carteira;Desejado;Saldo
2;NVDC34;15,00%;1,69%;138;R$ 3.375,00
2;MSFT34;12,00%;1,35%;25;R$ 2.700,00
2;GOGL34;12,00%;1,35%;18;R$ 2.700,00
2;AMZO34;12,00%;1,35%;39;R$ 2.700,00
2;AAPL34;12,00%;1,35%;34;R$ 2.700,00
2;NFLX34;10,00%;1,13%;277;R$ 2.250,00
2;JPMC34;12,00%;1,35%;14;R$ 2.700,00
2;PGCO34;5,00%;0,56%;21;R$ 1.125,00
2;ATTB34;5,00%;0,56%;26;R$ 1.125,00
2;EXXO34;5,00%;0,56%;11;R$ 1.125,00
0;;(%);% na carteira;Ativos;Valor Total
0;RF (INFLAÇÃO);100,00%;8,00%;4;R$ 16.000,00
1;Ativo;balancea/o;% na carteira;Desejado;Saldo
2;IPCA+2029;25,00%;2,00%;1,04;R$ 4.000,00
2;IPCA+2040;25,00%;2,00%;2,36;R$ 4.000,00
2;IPCA+2050;25,00%;2,00%;4,63;R$ 4.000,00
2;Renda+2065;25,00%;2,00%;22,35;R$ 4.000,00
0;;(%);% na carteira;Ativos;Valor Total
0;RF (PREFIXADO);100,00%;8,00%;3;R$ 16.000,00
1;Ativo;balancea/o;% na carteira;Desejado;Saldo
2;Prefixado2028;35,00%;2,80%;6,71;R$ 5.600,00
2;Prefixado2029;35,00%;2,80%;7,66;R$ 5.600,00
2;Prefixado2032;30,00%;2,40%;9,96;R$ 4.800,00
0;;(%);% na carteira;Ativos;Valor Total
0;RF (PÓS-FIXADO);100,00%;4,00%;2;R$ 8.000,00
1;Ativo;balancea/o;% na carteira;Desejado;Saldo
2;CDB100%DI;50,00%;2,00%;4.000;R$ 4.000,00
2;LFTB11;50,00%;2,00%;32;R$ 4.000,00
0;;(%);% na carteira;Ativos;Valor Total
0;ETF (EXTERIOR);100,00%;0,00%;1;R$ 0,00
1;Ativo;balancea/o;% na carteira;Desejado;Saldo
2;TFLO;100,00%;0,00%;0,00;R$ 0,00
20;REALIDADE;;;;;;
0;;;;Variação;Ativos;% na carteira;Valor Total
0;AÇÕES (PERENE);;;11,52%;11;15,74%;R$ 12.996,92
1;Ativo;Quant.;Preço Médio;Variação;Representa;% na carteira;Saldo
2;BBDC4;70;R$ 12,18;35,80%;R$ 305,20;1,40%;R$ 1.157,80
2;ITUB4;10;R$ 31,57;23,54%;R$ 74,30;0,47%;R$ 390,00
2;BBAS3;70;R$ 21,88;-16,00%;-R$ 245,00;1,56%;R$ 1.286,60
2;CMIG3;100;R$ 14,03;5,63%;R$ 79,00;1,80%;R$ 1.482,00
2;TAEE3;90;R$ 11,58;7,43%;R$ 77,40;1,36%;R$ 1.119,60
2;SAPR3;140;R$ 6,58;9,88%;R$ 91,00;1,23%;R$ 1.012,20
2;SBSP3;50;R$ 23,00;3,43%;R$ 39,50;1,44%;R$ 1.189,50
2;CXSE3;84;R$ 14,33;24,98%;R$ 300,72;1,82%;R$ 1.504,44
2;BBSE3;74;R$ 33,77;9,42%;R$ 235,32;3,31%;R$ 2.734,30
2;VIVT3;17;R$ 28,74;3,48%;R$ 17,00;0,61%;R$ 505,58
2;FIQE3;130;R$ 3,97;19,14%;R$ 98,80;0,74%;R$ 614,90
0;;;;Variação;Ativos;% na carteira;Valor Total
0;AÇÕES (COMMODITIES);;;27,17%;5;7,77%;R$ 6.418,00
1;Ativo;Quant.;Preço Médio;Variação;Representa;% na carteira;Saldo
2;PETR4;70;R$ 30,90;36,21%;R$ 783,30;3,57%;R$ 2.946,30
2;VALE3;24;R$ 52,82;34,99%;R$ 443,52;2,07%;R$ 1.711,20
2;GGBR4;40;R$ 15,58;58,22%;R$ 362,80;1,19%;R$ 986,00
2;KLBN3;150;R$ 3,65;-1,92%;-R$ 10,50;0,65%;R$ 537,00
2;WEGE3;5;R$ 43,83;8,37%;R$ 18,35;0,29%;R$ 237,50
0;;;;Variação;Ativos;% na carteira;Valor Total
0;FIIS (ANCORAGEM);;;-2,99%;6;21,95%;R$ 18.120,05
1;Ativo;Quant.;Preço Médio;Variação;Representa;% na carteira;Saldo
2;BTLG11;30;R$ 97,59;2,44%;R$ 71,40;3,63%;R$ 2.999,10
2;GGRC11;450;R$ 9,86;-4,97%;-R$ 220,50;5,11%;R$ 4.216,50
2;HGLG11;15;R$ 150,02;-2,79%;-R$ 62,85;2,65%;R$ 2.187,45
2;XPML11;40;R$ 106,04;-4,52%;-R$ 191,60;4,91%;R$ 4.050,00
2;HGBS11;200;R$ 19,75;-6,33%;-R$ 250,00;4,48%;R$ 3.700,00
2;LVBI11;10;R$ 98,43;-1,76%;-R$ 17,30;1,17%;R$ 967,00
0;;;;Variação;Ativos;% na carteira;Valor Total
0;FIIS (CRESCIMENTO);;;-3,91%;4;14,95%;R$ 12.345,10
1;Ativo;Quant.;Preço Médio;Variação;Representa;% na carteira;Saldo
2;GARE11;450;R$ 8,62;-5,80%;-R$ 225,00;4,43%;R$ 3.654,00
2;PMLL11;35;R$ 103,88;-3,43%;-R$ 124,60;4,25%;R$ 3.511,20
2;XPLG11;35;R$ 99,16;-9,74%;-R$ 338,10;3,79%;R$ 3.132,50
2;VISC11;20;R$ 99,09;3,31%;R$ 65,60;2,48%;R$ 2.047,40
0;;;;Variação;Ativos;% na carteira;Valor Total
0;FIIS (RISCO);;;4,53%;3;6,76%;R$ 5.582,95
1;Ativo;Quant.;Preço Médio;Variação;Representa;% na carteira;Saldo
2;HSLG11;15;R$ 75,48;10,53%;R$ 119,25;1,52%;R$ 1.251,45
2;VILG11;15;R$ 80,10;10,49%;R$ 126,00;1,61%;R$ 1.327,50
2;RECR11;40;R$ 81,14;-7,44%;-R$ 241,60;3,64%;R$ 3.004,00
0;;;;Variação;Ativos;% na carteira;Valor Total
0;ETFS;;;3,19%;4;10,54%;R$ 8.703,90
1;Ativo;Quant.;Preço Médio;Variação;Representa;% na carteira;Saldo
2;IVVB11;19;R$ 406,27;12,76%;R$ 984,77;10,54%;R$ 8.703,90
2;SPXB11;0;R$ 0,00;0,00%;R$ 0,00;0,00%;R$ 0,00
2;NASD11;0;R$ 0,00;0,00%;R$ 0,00;0,00%;R$ 0,00
2;WRLD11;0;R$ 0,00;0,00%;R$ 0,00;0,00%;R$ 0,00
0;;;;Variação;Ativos;% na carteira;Valor Total
0;ETFS (RES. MERCADO);;;-9,49%;2;0,40%;R$ 328,93
1;Ativo;Quant.;Preço Médio;Variação;Representa;% na carteira;Saldo
2;GOLD11;0;R$ 0,00;0,00%;R$ 0,00;0,00%;R$ 0,00
2;BTCBRL;0,00100000;R$ 406.004,90;-18,98%;-R$ 77,07;0,40%;R$ 328,93
0;;;;Variação;Ativos;% na carteira;Valor Total
0;BDRS;;;11,35%;10;11,23%;R$ 9.273,47
1;Ativo;Quant.;Preço Médio;Variação;Representa;% na carteira;Saldo
2;NVDC34;70;R$ 19,83;23,65%;R$ 328,30;2,08%;R$ 1.716,40
2;MSFT34;15;R$ 88,72;21,52%;R$ 286,35;1,96%;R$ 1.617,15
2;GOGL34;10;R$ 133,20;13,08%;R$ 174,20;1,82%;R$ 1.506,20
2;AMZO34;17;R$ 59,93;14,73%;R$ 150,11;1,42%;R$ 1.168,92
2;AAPL34;0;R$ 0,00;0,00%;R$ 0,00;0,00%;R$ 0,00
2;NFLX34;50;R$ 7,63;6,55%;R$ 25,00;0,49%;R$ 406,50
2;JPMC34;10;R$ 160,30;17,78%;R$ 285,00;2,29%;R$ 1.888,00
2;PGCO34;10;R$ 52,72;2,33%;R$ 12,30;0,65%;R$ 539,50
2;ATTB34;10;R$ 37,83;13,88%;R$ 52,50;0,52%;R$ 430,80
2;EXXO34;0;R$ 0,00;0,00%;R$ 0,00;0,00%;R$ 0,00
0;;;;Variação;Ativos;% na carteira;Valor Total
0;RF (INFLAÇÃO);;;4,76%;4;4,48%;R$ 3.697,35
1;Ativo;Quant.;Preço Médio;Variação;Representa;% na carteira;Saldo
2;IPCA+2029;0,50;R$ 3.389,94;12,96%;R$ 219,72;2,32%;R$ 1.914,69
2;IPCA+2040;1,05;R$ 1.600,35;6,09%;R$ 102,30;2,16%;R$ 1.782,67
2;IPCA+2050;0,00;R$ 0,00;0,00%;R$ 0,00;0,00%;R$ 0,00
2;Renda+2065;0,00;R$ 0,00;0,00%;R$ 0,00;0,00%;R$ 0,00
0;;;;Variação;Ativos;% na carteira;Valor Total
0;RF (PREFIXADO);;;10,04%;3;4,65%;R$ 3.842,71
1;Ativo;Quant.;Preço Médio;Variação;Representa;% na carteira;Saldo
2;Prefixado2028;2,70;R$ 717,32;16,28%;R$ 315,28;2,73%;R$ 2.252,04
2;Prefixado2029;0,00;R$ 0,00;0,00%;R$ 0,00;0,00%;R$ 0,00
2;Prefixado2032;3,30;R$ 423,46;13,83%;R$ 193,25;1,93%;R$ 1.590,67
0;;;;Variação;Ativos;% na carteira;Valor Total
0;RF (PÓS-FIXADO);;;1,62%;2;1,52%;R$ 1.251,20
1;Ativo;Quant.;Preço Médio;Variação;Representa;% na carteira;Saldo
2;CDB100%DI;0;0;0,00%;R$ 0,00;0,00%;R$ 0,00
2;LFTB11;10;R$ 121,20;3,23%;R$ 39,20;1,52%;R$ 1.251,20
0;;;;Variação;Ativos;% na carteira;Valor Total
0;ETF (EXTERIOR);;;0,16%;1;0,00%;R$ 0,00
1;Ativo;Quant.;Preço Médio;Variação;Representa;% na carteira;Saldo
2;TFLO;0,00;R$ 50,50;0,16%;R$ 0,00;0,00%;R$ 0,00